num,omschrijving,pdf
0,,stans.pdf
0,,stans.pdf
0,1612501MG t/m 1615000MG,stans.pdf
0,,stans.pdf
0,,stans.pdf
0,,stans.pdf
0,,stans.pdf
0,,stans.pdf
0,,stans.pdf
0,,stans.pdf
0,,stans.pdf
0,,stans.pdf
0,,stans.pdf
0,,stans.pdf
0,,stans.pdf
1612501MG,,leeg.pdf
1612502MG,,leeg.pdf
1612503MG,,leeg.pdf
1612504MG,,leeg.pdf
1612505MG,,leeg.pdf
1612506MG,,leeg.pdf
1612507MG,,leeg.pdf
1612508MG,,leeg.pdf
1612509MG,,leeg.pdf
1612510MG,,leeg.pdf
1612511MG,,leeg.pdf
1612512MG,,leeg.pdf
1612513MG,,leeg.pdf
1612514MG,,leeg.pdf
1612515MG,,leeg.pdf
1612516MG,,leeg.pdf
1612517MG,,leeg.pdf
1612518MG,,leeg.pdf
1612519MG,,leeg.pdf
1612520MG,,leeg.pdf
1612521MG,,leeg.pdf
1612522MG,,leeg.pdf
1612523MG,,leeg.pdf
1612524MG,,leeg.pdf
1612525MG,,leeg.pdf
1612526MG,,leeg.pdf
1612527MG,,leeg.pdf
1612528MG,,leeg.pdf
1612529MG,,leeg.pdf
1612530MG,,leeg.pdf
1612531MG,,leeg.pdf
1612532MG,,leeg.pdf
1612533MG,,leeg.pdf
1612534MG,,leeg.pdf
1612535MG,,leeg.pdf
1612536MG,,leeg.pdf
1612537MG,,leeg.pdf
1612538MG,,leeg.pdf
1612539MG,,leeg.pdf
1612540MG,,leeg.pdf
1612541MG,,leeg.pdf
1612542MG,,leeg.pdf
1612543MG,,leeg.pdf
1612544MG,,leeg.pdf
1612545MG,,leeg.pdf
1612546MG,,leeg.pdf
1612547MG,,leeg.pdf
1612548MG,,leeg.pdf
1612549MG,,leeg.pdf
1612550MG,,leeg.pdf
1612551MG,,leeg.pdf
1612552MG,,leeg.pdf
1612553MG,,leeg.pdf
1612554MG,,leeg.pdf
1612555MG,,leeg.pdf
1612556MG,,leeg.pdf
1612557MG,,leeg.pdf
1612558MG,,leeg.pdf
1612559MG,,leeg.pdf
1612560MG,,leeg.pdf
1612561MG,,leeg.pdf
1612562MG,,leeg.pdf
1612563MG,,leeg.pdf
1612564MG,,leeg.pdf
1612565MG,,leeg.pdf
1612566MG,,leeg.pdf
1612567MG,,leeg.pdf
1612568MG,,leeg.pdf
1612569MG,,leeg.pdf
1612570MG,,leeg.pdf
1612571MG,,leeg.pdf
1612572MG,,leeg.pdf
1612573MG,,leeg.pdf
1612574MG,,leeg.pdf
1612575MG,,leeg.pdf
1612576MG,,leeg.pdf
1612577MG,,leeg.pdf
1612578MG,,leeg.pdf
1612579MG,,leeg.pdf
1612580MG,,leeg.pdf
1612581MG,,leeg.pdf
1612582MG,,leeg.pdf
1612583MG,,leeg.pdf
1612584MG,,leeg.pdf
1612585MG,,leeg.pdf
1612586MG,,leeg.pdf
1612587MG,,leeg.pdf
1612588MG,,leeg.pdf
1612589MG,,leeg.pdf
1612590MG,,leeg.pdf
1612591MG,,leeg.pdf
1612592MG,,leeg.pdf
1612593MG,,leeg.pdf
1612594MG,,leeg.pdf
1612595MG,,leeg.pdf
1612596MG,,leeg.pdf
1612597MG,,leeg.pdf
1612598MG,,leeg.pdf
1612599MG,,leeg.pdf
1612600MG,,leeg.pdf
1612601MG,,leeg.pdf
1612602MG,,leeg.pdf
1612603MG,,leeg.pdf
1612604MG,,leeg.pdf
1612605MG,,leeg.pdf
1612606MG,,leeg.pdf
1612607MG,,leeg.pdf
1612608MG,,leeg.pdf
1612609MG,,leeg.pdf
1612610MG,,leeg.pdf
1612611MG,,leeg.pdf
1612612MG,,leeg.pdf
1612613MG,,leeg.pdf
1612614MG,,leeg.pdf
1612615MG,,leeg.pdf
1612616MG,,leeg.pdf
1612617MG,,leeg.pdf
1612618MG,,leeg.pdf
1612619MG,,leeg.pdf
1612620MG,,leeg.pdf
1612621MG,,leeg.pdf
1612622MG,,leeg.pdf
1612623MG,,leeg.pdf
1612624MG,,leeg.pdf
1612625MG,,leeg.pdf
1612626MG,,leeg.pdf
1612627MG,,leeg.pdf
1612628MG,,leeg.pdf
1612629MG,,leeg.pdf
1612630MG,,leeg.pdf
1612631MG,,leeg.pdf
1612632MG,,leeg.pdf
1612633MG,,leeg.pdf
1612634MG,,leeg.pdf
1612635MG,,leeg.pdf
1612636MG,,leeg.pdf
1612637MG,,leeg.pdf
1612638MG,,leeg.pdf
1612639MG,,leeg.pdf
1612640MG,,leeg.pdf
1612641MG,,leeg.pdf
1612642MG,,leeg.pdf
1612643MG,,leeg.pdf
1612644MG,,leeg.pdf
1612645MG,,leeg.pdf
1612646MG,,leeg.pdf
1612647MG,,leeg.pdf
1612648MG,,leeg.pdf
1612649MG,,leeg.pdf
1612650MG,,leeg.pdf
1612651MG,,leeg.pdf
1612652MG,,leeg.pdf
1612653MG,,leeg.pdf
1612654MG,,leeg.pdf
1612655MG,,leeg.pdf
1612656MG,,leeg.pdf
1612657MG,,leeg.pdf
1612658MG,,leeg.pdf
1612659MG,,leeg.pdf
1612660MG,,leeg.pdf
1612661MG,,leeg.pdf
1612662MG,,leeg.pdf
1612663MG,,leeg.pdf
1612664MG,,leeg.pdf
1612665MG,,leeg.pdf
1612666MG,,leeg.pdf
1612667MG,,leeg.pdf
1612668MG,,leeg.pdf
1612669MG,,leeg.pdf
1612670MG,,leeg.pdf
1612671MG,,leeg.pdf
1612672MG,,leeg.pdf
1612673MG,,leeg.pdf
1612674MG,,leeg.pdf
1612675MG,,leeg.pdf
1612676MG,,leeg.pdf
1612677MG,,leeg.pdf
1612678MG,,leeg.pdf
1612679MG,,leeg.pdf
1612680MG,,leeg.pdf
1612681MG,,leeg.pdf
1612682MG,,leeg.pdf
1612683MG,,leeg.pdf
1612684MG,,leeg.pdf
1612685MG,,leeg.pdf
1612686MG,,leeg.pdf
1612687MG,,leeg.pdf
1612688MG,,leeg.pdf
1612689MG,,leeg.pdf
1612690MG,,leeg.pdf
1612691MG,,leeg.pdf
1612692MG,,leeg.pdf
1612693MG,,leeg.pdf
1612694MG,,leeg.pdf
1612695MG,,leeg.pdf
1612696MG,,leeg.pdf
1612697MG,,leeg.pdf
1612698MG,,leeg.pdf
1612699MG,,leeg.pdf
1612700MG,,leeg.pdf
1612701MG,,leeg.pdf
1612702MG,,leeg.pdf
1612703MG,,leeg.pdf
1612704MG,,leeg.pdf
1612705MG,,leeg.pdf
1612706MG,,leeg.pdf
1612707MG,,leeg.pdf
1612708MG,,leeg.pdf
1612709MG,,leeg.pdf
1612710MG,,leeg.pdf
1612711MG,,leeg.pdf
1612712MG,,leeg.pdf
1612713MG,,leeg.pdf
1612714MG,,leeg.pdf
1612715MG,,leeg.pdf
1612716MG,,leeg.pdf
1612717MG,,leeg.pdf
1612718MG,,leeg.pdf
1612719MG,,leeg.pdf
1612720MG,,leeg.pdf
1612721MG,,leeg.pdf
1612722MG,,leeg.pdf
1612723MG,,leeg.pdf
1612724MG,,leeg.pdf
1612725MG,,leeg.pdf
1612726MG,,leeg.pdf
1612727MG,,leeg.pdf
1612728MG,,leeg.pdf
1612729MG,,leeg.pdf
1612730MG,,leeg.pdf
1612731MG,,leeg.pdf
1612732MG,,leeg.pdf
1612733MG,,leeg.pdf
1612734MG,,leeg.pdf
1612735MG,,leeg.pdf
1612736MG,,leeg.pdf
1612737MG,,leeg.pdf
1612738MG,,leeg.pdf
1612739MG,,leeg.pdf
1612740MG,,leeg.pdf
1612741MG,,leeg.pdf
1612742MG,,leeg.pdf
1612743MG,,leeg.pdf
1612744MG,,leeg.pdf
1612745MG,,leeg.pdf
1612746MG,,leeg.pdf
1612747MG,,leeg.pdf
1612748MG,,leeg.pdf
1612749MG,,leeg.pdf
1612750MG,,leeg.pdf
1612751MG,,leeg.pdf
1612752MG,,leeg.pdf
1612753MG,,leeg.pdf
1612754MG,,leeg.pdf
1612755MG,,leeg.pdf
1612756MG,,leeg.pdf
1612757MG,,leeg.pdf
1612758MG,,leeg.pdf
1612759MG,,leeg.pdf
1612760MG,,leeg.pdf
1612761MG,,leeg.pdf
1612762MG,,leeg.pdf
1612763MG,,leeg.pdf
1612764MG,,leeg.pdf
1612765MG,,leeg.pdf
1612766MG,,leeg.pdf
1612767MG,,leeg.pdf
1612768MG,,leeg.pdf
1612769MG,,leeg.pdf
1612770MG,,leeg.pdf
1612771MG,,leeg.pdf
1612772MG,,leeg.pdf
1612773MG,,leeg.pdf
1612774MG,,leeg.pdf
1612775MG,,leeg.pdf
1612776MG,,leeg.pdf
1612777MG,,leeg.pdf
1612778MG,,leeg.pdf
1612779MG,,leeg.pdf
1612780MG,,leeg.pdf
1612781MG,,leeg.pdf
1612782MG,,leeg.pdf
1612783MG,,leeg.pdf
1612784MG,,leeg.pdf
1612785MG,,leeg.pdf
1612786MG,,leeg.pdf
1612787MG,,leeg.pdf
1612788MG,,leeg.pdf
1612789MG,,leeg.pdf
1612790MG,,leeg.pdf
1612791MG,,leeg.pdf
1612792MG,,leeg.pdf
1612793MG,,leeg.pdf
1612794MG,,leeg.pdf
1612795MG,,leeg.pdf
1612796MG,,leeg.pdf
1612797MG,,leeg.pdf
1612798MG,,leeg.pdf
1612799MG,,leeg.pdf
1612800MG,,leeg.pdf
1612801MG,,leeg.pdf
1612802MG,,leeg.pdf
1612803MG,,leeg.pdf
1612804MG,,leeg.pdf
1612805MG,,leeg.pdf
1612806MG,,leeg.pdf
1612807MG,,leeg.pdf
1612808MG,,leeg.pdf
1612809MG,,leeg.pdf
1612810MG,,leeg.pdf
1612811MG,,leeg.pdf
1612812MG,,leeg.pdf
1612813MG,,leeg.pdf
1612814MG,,leeg.pdf
1612815MG,,leeg.pdf
1612816MG,,leeg.pdf
1612817MG,,leeg.pdf
1612818MG,,leeg.pdf
1612819MG,,leeg.pdf
1612820MG,,leeg.pdf
1612821MG,,leeg.pdf
1612822MG,,leeg.pdf
1612823MG,,leeg.pdf
1612824MG,,leeg.pdf
1612825MG,,leeg.pdf
1612826MG,,leeg.pdf
1612827MG,,leeg.pdf
1612828MG,,leeg.pdf
1612829MG,,leeg.pdf
1612830MG,,leeg.pdf
1612831MG,,leeg.pdf
1612832MG,,leeg.pdf
1612833MG,,leeg.pdf
1612834MG,,leeg.pdf
1612835MG,,leeg.pdf
1612836MG,,leeg.pdf
1612837MG,,leeg.pdf
1612838MG,,leeg.pdf
1612839MG,,leeg.pdf
1612840MG,,leeg.pdf
1612841MG,,leeg.pdf
1612842MG,,leeg.pdf
1612843MG,,leeg.pdf
1612844MG,,leeg.pdf
1612845MG,,leeg.pdf
1612846MG,,leeg.pdf
1612847MG,,leeg.pdf
1612848MG,,leeg.pdf
1612849MG,,leeg.pdf
1612850MG,,leeg.pdf
1612851MG,,leeg.pdf
1612852MG,,leeg.pdf
1612853MG,,leeg.pdf
1612854MG,,leeg.pdf
1612855MG,,leeg.pdf
1612856MG,,leeg.pdf
1612857MG,,leeg.pdf
1612858MG,,leeg.pdf
1612859MG,,leeg.pdf
1612860MG,,leeg.pdf
1612861MG,,leeg.pdf
1612862MG,,leeg.pdf
1612863MG,,leeg.pdf
1612864MG,,leeg.pdf
1612865MG,,leeg.pdf
1612866MG,,leeg.pdf
1612867MG,,leeg.pdf
1612868MG,,leeg.pdf
1612869MG,,leeg.pdf
1612870MG,,leeg.pdf
1612871MG,,leeg.pdf
1612872MG,,leeg.pdf
1612873MG,,leeg.pdf
1612874MG,,leeg.pdf
1612875MG,,leeg.pdf
1612876MG,,leeg.pdf
1612877MG,,leeg.pdf
1612878MG,,leeg.pdf
1612879MG,,leeg.pdf
1612880MG,,leeg.pdf
1612881MG,,leeg.pdf
1612882MG,,leeg.pdf
1612883MG,,leeg.pdf
1612884MG,,leeg.pdf
1612885MG,,leeg.pdf
1612886MG,,leeg.pdf
1612887MG,,leeg.pdf
1612888MG,,leeg.pdf
1612889MG,,leeg.pdf
1612890MG,,leeg.pdf
1612891MG,,leeg.pdf
1612892MG,,leeg.pdf
1612893MG,,leeg.pdf
1612894MG,,leeg.pdf
1612895MG,,leeg.pdf
1612896MG,,leeg.pdf
1612897MG,,leeg.pdf
1612898MG,,leeg.pdf
1612899MG,,leeg.pdf
1612900MG,,leeg.pdf
1612901MG,,leeg.pdf
1612902MG,,leeg.pdf
1612903MG,,leeg.pdf
1612904MG,,leeg.pdf
1612905MG,,leeg.pdf
1612906MG,,leeg.pdf
1612907MG,,leeg.pdf
1612908MG,,leeg.pdf
1612909MG,,leeg.pdf
1612910MG,,leeg.pdf
1612911MG,,leeg.pdf
1612912MG,,leeg.pdf
1612913MG,,leeg.pdf
1612914MG,,leeg.pdf
1612915MG,,leeg.pdf
1612916MG,,leeg.pdf
1612917MG,,leeg.pdf
1612918MG,,leeg.pdf
1612919MG,,leeg.pdf
1612920MG,,leeg.pdf
1612921MG,,leeg.pdf
1612922MG,,leeg.pdf
1612923MG,,leeg.pdf
1612924MG,,leeg.pdf
1612925MG,,leeg.pdf
1612926MG,,leeg.pdf
1612927MG,,leeg.pdf
1612928MG,,leeg.pdf
1612929MG,,leeg.pdf
1612930MG,,leeg.pdf
1612931MG,,leeg.pdf
1612932MG,,leeg.pdf
1612933MG,,leeg.pdf
1612934MG,,leeg.pdf
1612935MG,,leeg.pdf
1612936MG,,leeg.pdf
1612937MG,,leeg.pdf
1612938MG,,leeg.pdf
1612939MG,,leeg.pdf
1612940MG,,leeg.pdf
1612941MG,,leeg.pdf
1612942MG,,leeg.pdf
1612943MG,,leeg.pdf
1612944MG,,leeg.pdf
1612945MG,,leeg.pdf
1612946MG,,leeg.pdf
1612947MG,,leeg.pdf
1612948MG,,leeg.pdf
1612949MG,,leeg.pdf
1612950MG,,leeg.pdf
1612951MG,,leeg.pdf
1612952MG,,leeg.pdf
1612953MG,,leeg.pdf
1612954MG,,leeg.pdf
1612955MG,,leeg.pdf
1612956MG,,leeg.pdf
1612957MG,,leeg.pdf
1612958MG,,leeg.pdf
1612959MG,,leeg.pdf
1612960MG,,leeg.pdf
1612961MG,,leeg.pdf
1612962MG,,leeg.pdf
1612963MG,,leeg.pdf
1612964MG,,leeg.pdf
1612965MG,,leeg.pdf
1612966MG,,leeg.pdf
1612967MG,,leeg.pdf
1612968MG,,leeg.pdf
1612969MG,,leeg.pdf
1612970MG,,leeg.pdf
1612971MG,,leeg.pdf
1612972MG,,leeg.pdf
1612973MG,,leeg.pdf
1612974MG,,leeg.pdf
1612975MG,,leeg.pdf
1612976MG,,leeg.pdf
1612977MG,,leeg.pdf
1612978MG,,leeg.pdf
1612979MG,,leeg.pdf
1612980MG,,leeg.pdf
1612981MG,,leeg.pdf
1612982MG,,leeg.pdf
1612983MG,,leeg.pdf
1612984MG,,leeg.pdf
1612985MG,,leeg.pdf
1612986MG,,leeg.pdf
1612987MG,,leeg.pdf
1612988MG,,leeg.pdf
1612989MG,,leeg.pdf
1612990MG,,leeg.pdf
1612991MG,,leeg.pdf
1612992MG,,leeg.pdf
1612993MG,,leeg.pdf
1612994MG,,leeg.pdf
1612995MG,,leeg.pdf
1612996MG,,leeg.pdf
1612997MG,,leeg.pdf
1612998MG,,leeg.pdf
1612999MG,,leeg.pdf
1613000MG,,leeg.pdf
1613001MG,,leeg.pdf
1613002MG,,leeg.pdf
1613003MG,,leeg.pdf
1613004MG,,leeg.pdf
1613005MG,,leeg.pdf
1613006MG,,leeg.pdf
1613007MG,,leeg.pdf
1613008MG,,leeg.pdf
1613009MG,,leeg.pdf
1613010MG,,leeg.pdf
1613011MG,,leeg.pdf
1613012MG,,leeg.pdf
1613013MG,,leeg.pdf
1613014MG,,leeg.pdf
1613015MG,,leeg.pdf
1613016MG,,leeg.pdf
1613017MG,,leeg.pdf
1613018MG,,leeg.pdf
1613019MG,,leeg.pdf
1613020MG,,leeg.pdf
1613021MG,,leeg.pdf
1613022MG,,leeg.pdf
1613023MG,,leeg.pdf
1613024MG,,leeg.pdf
1613025MG,,leeg.pdf
1613026MG,,leeg.pdf
1613027MG,,leeg.pdf
1613028MG,,leeg.pdf
1613029MG,,leeg.pdf
1613030MG,,leeg.pdf
1613031MG,,leeg.pdf
1613032MG,,leeg.pdf
1613033MG,,leeg.pdf
1613034MG,,leeg.pdf
1613035MG,,leeg.pdf
1613036MG,,leeg.pdf
1613037MG,,leeg.pdf
1613038MG,,leeg.pdf
1613039MG,,leeg.pdf
1613040MG,,leeg.pdf
1613041MG,,leeg.pdf
1613042MG,,leeg.pdf
1613043MG,,leeg.pdf
1613044MG,,leeg.pdf
1613045MG,,leeg.pdf
1613046MG,,leeg.pdf
1613047MG,,leeg.pdf
1613048MG,,leeg.pdf
1613049MG,,leeg.pdf
1613050MG,,leeg.pdf
1613051MG,,leeg.pdf
1613052MG,,leeg.pdf
1613053MG,,leeg.pdf
1613054MG,,leeg.pdf
1613055MG,,leeg.pdf
1613056MG,,leeg.pdf
1613057MG,,leeg.pdf
1613058MG,,leeg.pdf
1613059MG,,leeg.pdf
1613060MG,,leeg.pdf
1613061MG,,leeg.pdf
1613062MG,,leeg.pdf
1613063MG,,leeg.pdf
1613064MG,,leeg.pdf
1613065MG,,leeg.pdf
1613066MG,,leeg.pdf
1613067MG,,leeg.pdf
1613068MG,,leeg.pdf
1613069MG,,leeg.pdf
1613070MG,,leeg.pdf
1613071MG,,leeg.pdf
1613072MG,,leeg.pdf
1613073MG,,leeg.pdf
1613074MG,,leeg.pdf
1613075MG,,leeg.pdf
1613076MG,,leeg.pdf
1613077MG,,leeg.pdf
1613078MG,,leeg.pdf
1613079MG,,leeg.pdf
1613080MG,,leeg.pdf
1613081MG,,leeg.pdf
1613082MG,,leeg.pdf
1613083MG,,leeg.pdf
1613084MG,,leeg.pdf
1613085MG,,leeg.pdf
1613086MG,,leeg.pdf
1613087MG,,leeg.pdf
1613088MG,,leeg.pdf
1613089MG,,leeg.pdf
1613090MG,,leeg.pdf
1613091MG,,leeg.pdf
1613092MG,,leeg.pdf
1613093MG,,leeg.pdf
1613094MG,,leeg.pdf
1613095MG,,leeg.pdf
1613096MG,,leeg.pdf
1613097MG,,leeg.pdf
1613098MG,,leeg.pdf
1613099MG,,leeg.pdf
1613100MG,,leeg.pdf
1613101MG,,leeg.pdf
1613102MG,,leeg.pdf
1613103MG,,leeg.pdf
1613104MG,,leeg.pdf
1613105MG,,leeg.pdf
1613106MG,,leeg.pdf
1613107MG,,leeg.pdf
1613108MG,,leeg.pdf
1613109MG,,leeg.pdf
1613110MG,,leeg.pdf
1613111MG,,leeg.pdf
1613112MG,,leeg.pdf
1613113MG,,leeg.pdf
1613114MG,,leeg.pdf
1613115MG,,leeg.pdf
1613116MG,,leeg.pdf
1613117MG,,leeg.pdf
1613118MG,,leeg.pdf
1613119MG,,leeg.pdf
1613120MG,,leeg.pdf
1613121MG,,leeg.pdf
1613122MG,,leeg.pdf
1613123MG,,leeg.pdf
1613124MG,,leeg.pdf
1613125MG,,leeg.pdf
1613126MG,,leeg.pdf
1613127MG,,leeg.pdf
1613128MG,,leeg.pdf
1613129MG,,leeg.pdf
1613130MG,,leeg.pdf
1613131MG,,leeg.pdf
1613132MG,,leeg.pdf
1613133MG,,leeg.pdf
1613134MG,,leeg.pdf
1613135MG,,leeg.pdf
1613136MG,,leeg.pdf
1613137MG,,leeg.pdf
1613138MG,,leeg.pdf
1613139MG,,leeg.pdf
1613140MG,,leeg.pdf
1613141MG,,leeg.pdf
1613142MG,,leeg.pdf
1613143MG,,leeg.pdf
1613144MG,,leeg.pdf
1613145MG,,leeg.pdf
1613146MG,,leeg.pdf
1613147MG,,leeg.pdf
1613148MG,,leeg.pdf
1613149MG,,leeg.pdf
1613150MG,,leeg.pdf
1613151MG,,leeg.pdf
1613152MG,,leeg.pdf
1613153MG,,leeg.pdf
1613154MG,,leeg.pdf
1613155MG,,leeg.pdf
1613156MG,,leeg.pdf
1613157MG,,leeg.pdf
1613158MG,,leeg.pdf
1613159MG,,leeg.pdf
1613160MG,,leeg.pdf
1613161MG,,leeg.pdf
1613162MG,,leeg.pdf
1613163MG,,leeg.pdf
1613164MG,,leeg.pdf
1613165MG,,leeg.pdf
1613166MG,,leeg.pdf
1613167MG,,leeg.pdf
1613168MG,,leeg.pdf
1613169MG,,leeg.pdf
1613170MG,,leeg.pdf
1613171MG,,leeg.pdf
1613172MG,,leeg.pdf
1613173MG,,leeg.pdf
1613174MG,,leeg.pdf
1613175MG,,leeg.pdf
1613176MG,,leeg.pdf
1613177MG,,leeg.pdf
1613178MG,,leeg.pdf
1613179MG,,leeg.pdf
1613180MG,,leeg.pdf
1613181MG,,leeg.pdf
1613182MG,,leeg.pdf
1613183MG,,leeg.pdf
1613184MG,,leeg.pdf
1613185MG,,leeg.pdf
1613186MG,,leeg.pdf
1613187MG,,leeg.pdf
1613188MG,,leeg.pdf
1613189MG,,leeg.pdf
1613190MG,,leeg.pdf
1613191MG,,leeg.pdf
1613192MG,,leeg.pdf
1613193MG,,leeg.pdf
1613194MG,,leeg.pdf
1613195MG,,leeg.pdf
1613196MG,,leeg.pdf
1613197MG,,leeg.pdf
1613198MG,,leeg.pdf
1613199MG,,leeg.pdf
1613200MG,,leeg.pdf
1613201MG,,leeg.pdf
1613202MG,,leeg.pdf
1613203MG,,leeg.pdf
1613204MG,,leeg.pdf
1613205MG,,leeg.pdf
1613206MG,,leeg.pdf
1613207MG,,leeg.pdf
1613208MG,,leeg.pdf
1613209MG,,leeg.pdf
1613210MG,,leeg.pdf
1613211MG,,leeg.pdf
1613212MG,,leeg.pdf
1613213MG,,leeg.pdf
1613214MG,,leeg.pdf
1613215MG,,leeg.pdf
1613216MG,,leeg.pdf
1613217MG,,leeg.pdf
1613218MG,,leeg.pdf
1613219MG,,leeg.pdf
1613220MG,,leeg.pdf
1613221MG,,leeg.pdf
1613222MG,,leeg.pdf
1613223MG,,leeg.pdf
1613224MG,,leeg.pdf
1613225MG,,leeg.pdf
1613226MG,,leeg.pdf
1613227MG,,leeg.pdf
1613228MG,,leeg.pdf
1613229MG,,leeg.pdf
1613230MG,,leeg.pdf
1613231MG,,leeg.pdf
1613232MG,,leeg.pdf
1613233MG,,leeg.pdf
1613234MG,,leeg.pdf
1613235MG,,leeg.pdf
1613236MG,,leeg.pdf
1613237MG,,leeg.pdf
1613238MG,,leeg.pdf
1613239MG,,leeg.pdf
1613240MG,,leeg.pdf
1613241MG,,leeg.pdf
1613242MG,,leeg.pdf
1613243MG,,leeg.pdf
1613244MG,,leeg.pdf
1613245MG,,leeg.pdf
1613246MG,,leeg.pdf
1613247MG,,leeg.pdf
1613248MG,,leeg.pdf
1613249MG,,leeg.pdf
1613250MG,,leeg.pdf
1613251MG,,leeg.pdf
1613252MG,,leeg.pdf
1613253MG,,leeg.pdf
1613254MG,,leeg.pdf
1613255MG,,leeg.pdf
1613256MG,,leeg.pdf
1613257MG,,leeg.pdf
1613258MG,,leeg.pdf
1613259MG,,leeg.pdf
1613260MG,,leeg.pdf
1613261MG,,leeg.pdf
1613262MG,,leeg.pdf
1613263MG,,leeg.pdf
1613264MG,,leeg.pdf
1613265MG,,leeg.pdf
1613266MG,,leeg.pdf
1613267MG,,leeg.pdf
1613268MG,,leeg.pdf
1613269MG,,leeg.pdf
1613270MG,,leeg.pdf
1613271MG,,leeg.pdf
1613272MG,,leeg.pdf
1613273MG,,leeg.pdf
1613274MG,,leeg.pdf
1613275MG,,leeg.pdf
1613276MG,,leeg.pdf
1613277MG,,leeg.pdf
1613278MG,,leeg.pdf
1613279MG,,leeg.pdf
1613280MG,,leeg.pdf
1613281MG,,leeg.pdf
1613282MG,,leeg.pdf
1613283MG,,leeg.pdf
1613284MG,,leeg.pdf
1613285MG,,leeg.pdf
1613286MG,,leeg.pdf
1613287MG,,leeg.pdf
1613288MG,,leeg.pdf
1613289MG,,leeg.pdf
1613290MG,,leeg.pdf
1613291MG,,leeg.pdf
1613292MG,,leeg.pdf
1613293MG,,leeg.pdf
1613294MG,,leeg.pdf
1613295MG,,leeg.pdf
1613296MG,,leeg.pdf
1613297MG,,leeg.pdf
1613298MG,,leeg.pdf
1613299MG,,leeg.pdf
1613300MG,,leeg.pdf
1613301MG,,leeg.pdf
1613302MG,,leeg.pdf
1613303MG,,leeg.pdf
1613304MG,,leeg.pdf
1613305MG,,leeg.pdf
1613306MG,,leeg.pdf
1613307MG,,leeg.pdf
1613308MG,,leeg.pdf
1613309MG,,leeg.pdf
1613310MG,,leeg.pdf
1613311MG,,leeg.pdf
1613312MG,,leeg.pdf
1613313MG,,leeg.pdf
1613314MG,,leeg.pdf
1613315MG,,leeg.pdf
1613316MG,,leeg.pdf
1613317MG,,leeg.pdf
1613318MG,,leeg.pdf
1613319MG,,leeg.pdf
1613320MG,,leeg.pdf
1613321MG,,leeg.pdf
1613322MG,,leeg.pdf
1613323MG,,leeg.pdf
1613324MG,,leeg.pdf
1613325MG,,leeg.pdf
1613326MG,,leeg.pdf
1613327MG,,leeg.pdf
1613328MG,,leeg.pdf
1613329MG,,leeg.pdf
1613330MG,,leeg.pdf
1613331MG,,leeg.pdf
1613332MG,,leeg.pdf
1613333MG,,leeg.pdf
1613334MG,,leeg.pdf
1613335MG,,leeg.pdf
1613336MG,,leeg.pdf
1613337MG,,leeg.pdf
1613338MG,,leeg.pdf
1613339MG,,leeg.pdf
1613340MG,,leeg.pdf
1613341MG,,leeg.pdf
1613342MG,,leeg.pdf
1613343MG,,leeg.pdf
1613344MG,,leeg.pdf
1613345MG,,leeg.pdf
1613346MG,,leeg.pdf
1613347MG,,leeg.pdf
1613348MG,,leeg.pdf
1613349MG,,leeg.pdf
1613350MG,,leeg.pdf
1613351MG,,leeg.pdf
1613352MG,,leeg.pdf
1613353MG,,leeg.pdf
1613354MG,,leeg.pdf
1613355MG,,leeg.pdf
1613356MG,,leeg.pdf
1613357MG,,leeg.pdf
1613358MG,,leeg.pdf
1613359MG,,leeg.pdf
1613360MG,,leeg.pdf
1613361MG,,leeg.pdf
1613362MG,,leeg.pdf
1613363MG,,leeg.pdf
1613364MG,,leeg.pdf
1613365MG,,leeg.pdf
1613366MG,,leeg.pdf
1613367MG,,leeg.pdf
1613368MG,,leeg.pdf
1613369MG,,leeg.pdf
1613370MG,,leeg.pdf
1613371MG,,leeg.pdf
1613372MG,,leeg.pdf
1613373MG,,leeg.pdf
1613374MG,,leeg.pdf
1613375MG,,leeg.pdf
1613376MG,,leeg.pdf
1613377MG,,leeg.pdf
1613378MG,,leeg.pdf
1613379MG,,leeg.pdf
1613380MG,,leeg.pdf
1613381MG,,leeg.pdf
1613382MG,,leeg.pdf
1613383MG,,leeg.pdf
1613384MG,,leeg.pdf
1613385MG,,leeg.pdf
1613386MG,,leeg.pdf
1613387MG,,leeg.pdf
1613388MG,,leeg.pdf
1613389MG,,leeg.pdf
1613390MG,,leeg.pdf
1613391MG,,leeg.pdf
1613392MG,,leeg.pdf
1613393MG,,leeg.pdf
1613394MG,,leeg.pdf
1613395MG,,leeg.pdf
1613396MG,,leeg.pdf
1613397MG,,leeg.pdf
1613398MG,,leeg.pdf
1613399MG,,leeg.pdf
1613400MG,,leeg.pdf
1613401MG,,leeg.pdf
1613402MG,,leeg.pdf
1613403MG,,leeg.pdf
1613404MG,,leeg.pdf
1613405MG,,leeg.pdf
1613406MG,,leeg.pdf
1613407MG,,leeg.pdf
1613408MG,,leeg.pdf
1613409MG,,leeg.pdf
1613410MG,,leeg.pdf
1613411MG,,leeg.pdf
1613412MG,,leeg.pdf
1613413MG,,leeg.pdf
1613414MG,,leeg.pdf
1613415MG,,leeg.pdf
1613416MG,,leeg.pdf
1613417MG,,leeg.pdf
1613418MG,,leeg.pdf
1613419MG,,leeg.pdf
1613420MG,,leeg.pdf
1613421MG,,leeg.pdf
1613422MG,,leeg.pdf
1613423MG,,leeg.pdf
1613424MG,,leeg.pdf
1613425MG,,leeg.pdf
1613426MG,,leeg.pdf
1613427MG,,leeg.pdf
1613428MG,,leeg.pdf
1613429MG,,leeg.pdf
1613430MG,,leeg.pdf
1613431MG,,leeg.pdf
1613432MG,,leeg.pdf
1613433MG,,leeg.pdf
1613434MG,,leeg.pdf
1613435MG,,leeg.pdf
1613436MG,,leeg.pdf
1613437MG,,leeg.pdf
1613438MG,,leeg.pdf
1613439MG,,leeg.pdf
1613440MG,,leeg.pdf
1613441MG,,leeg.pdf
1613442MG,,leeg.pdf
1613443MG,,leeg.pdf
1613444MG,,leeg.pdf
1613445MG,,leeg.pdf
1613446MG,,leeg.pdf
1613447MG,,leeg.pdf
1613448MG,,leeg.pdf
1613449MG,,leeg.pdf
1613450MG,,leeg.pdf
1613451MG,,leeg.pdf
1613452MG,,leeg.pdf
1613453MG,,leeg.pdf
1613454MG,,leeg.pdf
1613455MG,,leeg.pdf
1613456MG,,leeg.pdf
1613457MG,,leeg.pdf
1613458MG,,leeg.pdf
1613459MG,,leeg.pdf
1613460MG,,leeg.pdf
1613461MG,,leeg.pdf
1613462MG,,leeg.pdf
1613463MG,,leeg.pdf
1613464MG,,leeg.pdf
1613465MG,,leeg.pdf
1613466MG,,leeg.pdf
1613467MG,,leeg.pdf
1613468MG,,leeg.pdf
1613469MG,,leeg.pdf
1613470MG,,leeg.pdf
1613471MG,,leeg.pdf
1613472MG,,leeg.pdf
1613473MG,,leeg.pdf
1613474MG,,leeg.pdf
1613475MG,,leeg.pdf
1613476MG,,leeg.pdf
1613477MG,,leeg.pdf
1613478MG,,leeg.pdf
1613479MG,,leeg.pdf
1613480MG,,leeg.pdf
1613481MG,,leeg.pdf
1613482MG,,leeg.pdf
1613483MG,,leeg.pdf
1613484MG,,leeg.pdf
1613485MG,,leeg.pdf
1613486MG,,leeg.pdf
1613487MG,,leeg.pdf
1613488MG,,leeg.pdf
1613489MG,,leeg.pdf
1613490MG,,leeg.pdf
1613491MG,,leeg.pdf
1613492MG,,leeg.pdf
1613493MG,,leeg.pdf
1613494MG,,leeg.pdf
1613495MG,,leeg.pdf
1613496MG,,leeg.pdf
1613497MG,,leeg.pdf
1613498MG,,leeg.pdf
1613499MG,,leeg.pdf
1613500MG,,leeg.pdf
1613501MG,,leeg.pdf
1613502MG,,leeg.pdf
1613503MG,,leeg.pdf
1613504MG,,leeg.pdf
1613505MG,,leeg.pdf
1613506MG,,leeg.pdf
1613507MG,,leeg.pdf
1613508MG,,leeg.pdf
1613509MG,,leeg.pdf
1613510MG,,leeg.pdf
1613511MG,,leeg.pdf
1613512MG,,leeg.pdf
1613513MG,,leeg.pdf
1613514MG,,leeg.pdf
1613515MG,,leeg.pdf
1613516MG,,leeg.pdf
1613517MG,,leeg.pdf
1613518MG,,leeg.pdf
1613519MG,,leeg.pdf
1613520MG,,leeg.pdf
1613521MG,,leeg.pdf
1613522MG,,leeg.pdf
1613523MG,,leeg.pdf
1613524MG,,leeg.pdf
1613525MG,,leeg.pdf
1613526MG,,leeg.pdf
1613527MG,,leeg.pdf
1613528MG,,leeg.pdf
1613529MG,,leeg.pdf
1613530MG,,leeg.pdf
1613531MG,,leeg.pdf
1613532MG,,leeg.pdf
1613533MG,,leeg.pdf
1613534MG,,leeg.pdf
1613535MG,,leeg.pdf
1613536MG,,leeg.pdf
1613537MG,,leeg.pdf
1613538MG,,leeg.pdf
1613539MG,,leeg.pdf
1613540MG,,leeg.pdf
1613541MG,,leeg.pdf
1613542MG,,leeg.pdf
1613543MG,,leeg.pdf
1613544MG,,leeg.pdf
1613545MG,,leeg.pdf
1613546MG,,leeg.pdf
1613547MG,,leeg.pdf
1613548MG,,leeg.pdf
1613549MG,,leeg.pdf
1613550MG,,leeg.pdf
1613551MG,,leeg.pdf
1613552MG,,leeg.pdf
1613553MG,,leeg.pdf
1613554MG,,leeg.pdf
1613555MG,,leeg.pdf
1613556MG,,leeg.pdf
1613557MG,,leeg.pdf
1613558MG,,leeg.pdf
1613559MG,,leeg.pdf
1613560MG,,leeg.pdf
1613561MG,,leeg.pdf
1613562MG,,leeg.pdf
1613563MG,,leeg.pdf
1613564MG,,leeg.pdf
1613565MG,,leeg.pdf
1613566MG,,leeg.pdf
1613567MG,,leeg.pdf
1613568MG,,leeg.pdf
1613569MG,,leeg.pdf
1613570MG,,leeg.pdf
1613571MG,,leeg.pdf
1613572MG,,leeg.pdf
1613573MG,,leeg.pdf
1613574MG,,leeg.pdf
1613575MG,,leeg.pdf
1613576MG,,leeg.pdf
1613577MG,,leeg.pdf
1613578MG,,leeg.pdf
1613579MG,,leeg.pdf
1613580MG,,leeg.pdf
1613581MG,,leeg.pdf
1613582MG,,leeg.pdf
1613583MG,,leeg.pdf
1613584MG,,leeg.pdf
1613585MG,,leeg.pdf
1613586MG,,leeg.pdf
1613587MG,,leeg.pdf
1613588MG,,leeg.pdf
1613589MG,,leeg.pdf
1613590MG,,leeg.pdf
1613591MG,,leeg.pdf
1613592MG,,leeg.pdf
1613593MG,,leeg.pdf
1613594MG,,leeg.pdf
1613595MG,,leeg.pdf
1613596MG,,leeg.pdf
1613597MG,,leeg.pdf
1613598MG,,leeg.pdf
1613599MG,,leeg.pdf
1613600MG,,leeg.pdf
1613601MG,,leeg.pdf
1613602MG,,leeg.pdf
1613603MG,,leeg.pdf
1613604MG,,leeg.pdf
1613605MG,,leeg.pdf
1613606MG,,leeg.pdf
1613607MG,,leeg.pdf
1613608MG,,leeg.pdf
1613609MG,,leeg.pdf
1613610MG,,leeg.pdf
1613611MG,,leeg.pdf
1613612MG,,leeg.pdf
1613613MG,,leeg.pdf
1613614MG,,leeg.pdf
1613615MG,,leeg.pdf
1613616MG,,leeg.pdf
1613617MG,,leeg.pdf
1613618MG,,leeg.pdf
1613619MG,,leeg.pdf
1613620MG,,leeg.pdf
1613621MG,,leeg.pdf
1613622MG,,leeg.pdf
1613623MG,,leeg.pdf
1613624MG,,leeg.pdf
1613625MG,,leeg.pdf
1613626MG,,leeg.pdf
1613627MG,,leeg.pdf
1613628MG,,leeg.pdf
1613629MG,,leeg.pdf
1613630MG,,leeg.pdf
1613631MG,,leeg.pdf
1613632MG,,leeg.pdf
1613633MG,,leeg.pdf
1613634MG,,leeg.pdf
1613635MG,,leeg.pdf
1613636MG,,leeg.pdf
1613637MG,,leeg.pdf
1613638MG,,leeg.pdf
1613639MG,,leeg.pdf
1613640MG,,leeg.pdf
1613641MG,,leeg.pdf
1613642MG,,leeg.pdf
1613643MG,,leeg.pdf
1613644MG,,leeg.pdf
1613645MG,,leeg.pdf
1613646MG,,leeg.pdf
1613647MG,,leeg.pdf
1613648MG,,leeg.pdf
1613649MG,,leeg.pdf
1613650MG,,leeg.pdf
1613651MG,,leeg.pdf
1613652MG,,leeg.pdf
1613653MG,,leeg.pdf
1613654MG,,leeg.pdf
1613655MG,,leeg.pdf
1613656MG,,leeg.pdf
1613657MG,,leeg.pdf
1613658MG,,leeg.pdf
1613659MG,,leeg.pdf
1613660MG,,leeg.pdf
1613661MG,,leeg.pdf
1613662MG,,leeg.pdf
1613663MG,,leeg.pdf
1613664MG,,leeg.pdf
1613665MG,,leeg.pdf
1613666MG,,leeg.pdf
1613667MG,,leeg.pdf
1613668MG,,leeg.pdf
1613669MG,,leeg.pdf
1613670MG,,leeg.pdf
1613671MG,,leeg.pdf
1613672MG,,leeg.pdf
1613673MG,,leeg.pdf
1613674MG,,leeg.pdf
1613675MG,,leeg.pdf
1613676MG,,leeg.pdf
1613677MG,,leeg.pdf
1613678MG,,leeg.pdf
1613679MG,,leeg.pdf
1613680MG,,leeg.pdf
1613681MG,,leeg.pdf
1613682MG,,leeg.pdf
1613683MG,,leeg.pdf
1613684MG,,leeg.pdf
1613685MG,,leeg.pdf
1613686MG,,leeg.pdf
1613687MG,,leeg.pdf
1613688MG,,leeg.pdf
1613689MG,,leeg.pdf
1613690MG,,leeg.pdf
1613691MG,,leeg.pdf
1613692MG,,leeg.pdf
1613693MG,,leeg.pdf
1613694MG,,leeg.pdf
1613695MG,,leeg.pdf
1613696MG,,leeg.pdf
1613697MG,,leeg.pdf
1613698MG,,leeg.pdf
1613699MG,,leeg.pdf
1613700MG,,leeg.pdf
1613701MG,,leeg.pdf
1613702MG,,leeg.pdf
1613703MG,,leeg.pdf
1613704MG,,leeg.pdf
1613705MG,,leeg.pdf
1613706MG,,leeg.pdf
1613707MG,,leeg.pdf
1613708MG,,leeg.pdf
1613709MG,,leeg.pdf
1613710MG,,leeg.pdf
1613711MG,,leeg.pdf
1613712MG,,leeg.pdf
1613713MG,,leeg.pdf
1613714MG,,leeg.pdf
1613715MG,,leeg.pdf
1613716MG,,leeg.pdf
1613717MG,,leeg.pdf
1613718MG,,leeg.pdf
1613719MG,,leeg.pdf
1613720MG,,leeg.pdf
1613721MG,,leeg.pdf
1613722MG,,leeg.pdf
1613723MG,,leeg.pdf
1613724MG,,leeg.pdf
1613725MG,,leeg.pdf
1613726MG,,leeg.pdf
1613727MG,,leeg.pdf
1613728MG,,leeg.pdf
1613729MG,,leeg.pdf
1613730MG,,leeg.pdf
1613731MG,,leeg.pdf
1613732MG,,leeg.pdf
1613733MG,,leeg.pdf
1613734MG,,leeg.pdf
1613735MG,,leeg.pdf
1613736MG,,leeg.pdf
1613737MG,,leeg.pdf
1613738MG,,leeg.pdf
1613739MG,,leeg.pdf
1613740MG,,leeg.pdf
1613741MG,,leeg.pdf
1613742MG,,leeg.pdf
1613743MG,,leeg.pdf
1613744MG,,leeg.pdf
1613745MG,,leeg.pdf
1613746MG,,leeg.pdf
1613747MG,,leeg.pdf
1613748MG,,leeg.pdf
1613749MG,,leeg.pdf
1613750MG,,leeg.pdf
1613751MG,,leeg.pdf
1613752MG,,leeg.pdf
1613753MG,,leeg.pdf
1613754MG,,leeg.pdf
1613755MG,,leeg.pdf
1613756MG,,leeg.pdf
1613757MG,,leeg.pdf
1613758MG,,leeg.pdf
1613759MG,,leeg.pdf
1613760MG,,leeg.pdf
1613761MG,,leeg.pdf
1613762MG,,leeg.pdf
1613763MG,,leeg.pdf
1613764MG,,leeg.pdf
1613765MG,,leeg.pdf
1613766MG,,leeg.pdf
1613767MG,,leeg.pdf
1613768MG,,leeg.pdf
1613769MG,,leeg.pdf
1613770MG,,leeg.pdf
1613771MG,,leeg.pdf
1613772MG,,leeg.pdf
1613773MG,,leeg.pdf
1613774MG,,leeg.pdf
1613775MG,,leeg.pdf
1613776MG,,leeg.pdf
1613777MG,,leeg.pdf
1613778MG,,leeg.pdf
1613779MG,,leeg.pdf
1613780MG,,leeg.pdf
1613781MG,,leeg.pdf
1613782MG,,leeg.pdf
1613783MG,,leeg.pdf
1613784MG,,leeg.pdf
1613785MG,,leeg.pdf
1613786MG,,leeg.pdf
1613787MG,,leeg.pdf
1613788MG,,leeg.pdf
1613789MG,,leeg.pdf
1613790MG,,leeg.pdf
1613791MG,,leeg.pdf
1613792MG,,leeg.pdf
1613793MG,,leeg.pdf
1613794MG,,leeg.pdf
1613795MG,,leeg.pdf
1613796MG,,leeg.pdf
1613797MG,,leeg.pdf
1613798MG,,leeg.pdf
1613799MG,,leeg.pdf
1613800MG,,leeg.pdf
1613801MG,,leeg.pdf
1613802MG,,leeg.pdf
1613803MG,,leeg.pdf
1613804MG,,leeg.pdf
1613805MG,,leeg.pdf
1613806MG,,leeg.pdf
1613807MG,,leeg.pdf
1613808MG,,leeg.pdf
1613809MG,,leeg.pdf
1613810MG,,leeg.pdf
1613811MG,,leeg.pdf
1613812MG,,leeg.pdf
1613813MG,,leeg.pdf
1613814MG,,leeg.pdf
1613815MG,,leeg.pdf
1613816MG,,leeg.pdf
1613817MG,,leeg.pdf
1613818MG,,leeg.pdf
1613819MG,,leeg.pdf
1613820MG,,leeg.pdf
1613821MG,,leeg.pdf
1613822MG,,leeg.pdf
1613823MG,,leeg.pdf
1613824MG,,leeg.pdf
1613825MG,,leeg.pdf
1613826MG,,leeg.pdf
1613827MG,,leeg.pdf
1613828MG,,leeg.pdf
1613829MG,,leeg.pdf
1613830MG,,leeg.pdf
1613831MG,,leeg.pdf
1613832MG,,leeg.pdf
1613833MG,,leeg.pdf
1613834MG,,leeg.pdf
1613835MG,,leeg.pdf
1613836MG,,leeg.pdf
1613837MG,,leeg.pdf
1613838MG,,leeg.pdf
1613839MG,,leeg.pdf
1613840MG,,leeg.pdf
1613841MG,,leeg.pdf
1613842MG,,leeg.pdf
1613843MG,,leeg.pdf
1613844MG,,leeg.pdf
1613845MG,,leeg.pdf
1613846MG,,leeg.pdf
1613847MG,,leeg.pdf
1613848MG,,leeg.pdf
1613849MG,,leeg.pdf
1613850MG,,leeg.pdf
1613851MG,,leeg.pdf
1613852MG,,leeg.pdf
1613853MG,,leeg.pdf
1613854MG,,leeg.pdf
1613855MG,,leeg.pdf
1613856MG,,leeg.pdf
1613857MG,,leeg.pdf
1613858MG,,leeg.pdf
1613859MG,,leeg.pdf
1613860MG,,leeg.pdf
1613861MG,,leeg.pdf
1613862MG,,leeg.pdf
1613863MG,,leeg.pdf
1613864MG,,leeg.pdf
1613865MG,,leeg.pdf
1613866MG,,leeg.pdf
1613867MG,,leeg.pdf
1613868MG,,leeg.pdf
1613869MG,,leeg.pdf
1613870MG,,leeg.pdf
1613871MG,,leeg.pdf
1613872MG,,leeg.pdf
1613873MG,,leeg.pdf
1613874MG,,leeg.pdf
1613875MG,,leeg.pdf
1613876MG,,leeg.pdf
1613877MG,,leeg.pdf
1613878MG,,leeg.pdf
1613879MG,,leeg.pdf
1613880MG,,leeg.pdf
1613881MG,,leeg.pdf
1613882MG,,leeg.pdf
1613883MG,,leeg.pdf
1613884MG,,leeg.pdf
1613885MG,,leeg.pdf
1613886MG,,leeg.pdf
1613887MG,,leeg.pdf
1613888MG,,leeg.pdf
1613889MG,,leeg.pdf
1613890MG,,leeg.pdf
1613891MG,,leeg.pdf
1613892MG,,leeg.pdf
1613893MG,,leeg.pdf
1613894MG,,leeg.pdf
1613895MG,,leeg.pdf
1613896MG,,leeg.pdf
1613897MG,,leeg.pdf
1613898MG,,leeg.pdf
1613899MG,,leeg.pdf
1613900MG,,leeg.pdf
1613901MG,,leeg.pdf
1613902MG,,leeg.pdf
1613903MG,,leeg.pdf
1613904MG,,leeg.pdf
1613905MG,,leeg.pdf
1613906MG,,leeg.pdf
1613907MG,,leeg.pdf
1613908MG,,leeg.pdf
1613909MG,,leeg.pdf
1613910MG,,leeg.pdf
1613911MG,,leeg.pdf
1613912MG,,leeg.pdf
1613913MG,,leeg.pdf
1613914MG,,leeg.pdf
1613915MG,,leeg.pdf
1613916MG,,leeg.pdf
1613917MG,,leeg.pdf
1613918MG,,leeg.pdf
1613919MG,,leeg.pdf
1613920MG,,leeg.pdf
1613921MG,,leeg.pdf
1613922MG,,leeg.pdf
1613923MG,,leeg.pdf
1613924MG,,leeg.pdf
1613925MG,,leeg.pdf
1613926MG,,leeg.pdf
1613927MG,,leeg.pdf
1613928MG,,leeg.pdf
1613929MG,,leeg.pdf
1613930MG,,leeg.pdf
1613931MG,,leeg.pdf
1613932MG,,leeg.pdf
1613933MG,,leeg.pdf
1613934MG,,leeg.pdf
1613935MG,,leeg.pdf
1613936MG,,leeg.pdf
1613937MG,,leeg.pdf
1613938MG,,leeg.pdf
1613939MG,,leeg.pdf
1613940MG,,leeg.pdf
1613941MG,,leeg.pdf
1613942MG,,leeg.pdf
1613943MG,,leeg.pdf
1613944MG,,leeg.pdf
1613945MG,,leeg.pdf
1613946MG,,leeg.pdf
1613947MG,,leeg.pdf
1613948MG,,leeg.pdf
1613949MG,,leeg.pdf
1613950MG,,leeg.pdf
1613951MG,,leeg.pdf
1613952MG,,leeg.pdf
1613953MG,,leeg.pdf
1613954MG,,leeg.pdf
1613955MG,,leeg.pdf
1613956MG,,leeg.pdf
1613957MG,,leeg.pdf
1613958MG,,leeg.pdf
1613959MG,,leeg.pdf
1613960MG,,leeg.pdf
1613961MG,,leeg.pdf
1613962MG,,leeg.pdf
1613963MG,,leeg.pdf
1613964MG,,leeg.pdf
1613965MG,,leeg.pdf
1613966MG,,leeg.pdf
1613967MG,,leeg.pdf
1613968MG,,leeg.pdf
1613969MG,,leeg.pdf
1613970MG,,leeg.pdf
1613971MG,,leeg.pdf
1613972MG,,leeg.pdf
1613973MG,,leeg.pdf
1613974MG,,leeg.pdf
1613975MG,,leeg.pdf
1613976MG,,leeg.pdf
1613977MG,,leeg.pdf
1613978MG,,leeg.pdf
1613979MG,,leeg.pdf
1613980MG,,leeg.pdf
1613981MG,,leeg.pdf
1613982MG,,leeg.pdf
1613983MG,,leeg.pdf
1613984MG,,leeg.pdf
1613985MG,,leeg.pdf
1613986MG,,leeg.pdf
1613987MG,,leeg.pdf
1613988MG,,leeg.pdf
1613989MG,,leeg.pdf
1613990MG,,leeg.pdf
1613991MG,,leeg.pdf
1613992MG,,leeg.pdf
1613993MG,,leeg.pdf
1613994MG,,leeg.pdf
1613995MG,,leeg.pdf
1613996MG,,leeg.pdf
1613997MG,,leeg.pdf
1613998MG,,leeg.pdf
1613999MG,,leeg.pdf
1614000MG,,leeg.pdf
1614001MG,,leeg.pdf
1614002MG,,leeg.pdf
1614003MG,,leeg.pdf
1614004MG,,leeg.pdf
1614005MG,,leeg.pdf
1614006MG,,leeg.pdf
1614007MG,,leeg.pdf
1614008MG,,leeg.pdf
1614009MG,,leeg.pdf
1614010MG,,leeg.pdf
1614011MG,,leeg.pdf
1614012MG,,leeg.pdf
1614013MG,,leeg.pdf
1614014MG,,leeg.pdf
1614015MG,,leeg.pdf
1614016MG,,leeg.pdf
1614017MG,,leeg.pdf
1614018MG,,leeg.pdf
1614019MG,,leeg.pdf
1614020MG,,leeg.pdf
1614021MG,,leeg.pdf
1614022MG,,leeg.pdf
1614023MG,,leeg.pdf
1614024MG,,leeg.pdf
1614025MG,,leeg.pdf
1614026MG,,leeg.pdf
1614027MG,,leeg.pdf
1614028MG,,leeg.pdf
1614029MG,,leeg.pdf
1614030MG,,leeg.pdf
1614031MG,,leeg.pdf
1614032MG,,leeg.pdf
1614033MG,,leeg.pdf
1614034MG,,leeg.pdf
1614035MG,,leeg.pdf
1614036MG,,leeg.pdf
1614037MG,,leeg.pdf
1614038MG,,leeg.pdf
1614039MG,,leeg.pdf
1614040MG,,leeg.pdf
1614041MG,,leeg.pdf
1614042MG,,leeg.pdf
1614043MG,,leeg.pdf
1614044MG,,leeg.pdf
1614045MG,,leeg.pdf
1614046MG,,leeg.pdf
1614047MG,,leeg.pdf
1614048MG,,leeg.pdf
1614049MG,,leeg.pdf
1614050MG,,leeg.pdf
1614051MG,,leeg.pdf
1614052MG,,leeg.pdf
1614053MG,,leeg.pdf
1614054MG,,leeg.pdf
1614055MG,,leeg.pdf
1614056MG,,leeg.pdf
1614057MG,,leeg.pdf
1614058MG,,leeg.pdf
1614059MG,,leeg.pdf
1614060MG,,leeg.pdf
1614061MG,,leeg.pdf
1614062MG,,leeg.pdf
1614063MG,,leeg.pdf
1614064MG,,leeg.pdf
1614065MG,,leeg.pdf
1614066MG,,leeg.pdf
1614067MG,,leeg.pdf
1614068MG,,leeg.pdf
1614069MG,,leeg.pdf
1614070MG,,leeg.pdf
1614071MG,,leeg.pdf
1614072MG,,leeg.pdf
1614073MG,,leeg.pdf
1614074MG,,leeg.pdf
1614075MG,,leeg.pdf
1614076MG,,leeg.pdf
1614077MG,,leeg.pdf
1614078MG,,leeg.pdf
1614079MG,,leeg.pdf
1614080MG,,leeg.pdf
1614081MG,,leeg.pdf
1614082MG,,leeg.pdf
1614083MG,,leeg.pdf
1614084MG,,leeg.pdf
1614085MG,,leeg.pdf
1614086MG,,leeg.pdf
1614087MG,,leeg.pdf
1614088MG,,leeg.pdf
1614089MG,,leeg.pdf
1614090MG,,leeg.pdf
1614091MG,,leeg.pdf
1614092MG,,leeg.pdf
1614093MG,,leeg.pdf
1614094MG,,leeg.pdf
1614095MG,,leeg.pdf
1614096MG,,leeg.pdf
1614097MG,,leeg.pdf
1614098MG,,leeg.pdf
1614099MG,,leeg.pdf
1614100MG,,leeg.pdf
1614101MG,,leeg.pdf
1614102MG,,leeg.pdf
1614103MG,,leeg.pdf
1614104MG,,leeg.pdf
1614105MG,,leeg.pdf
1614106MG,,leeg.pdf
1614107MG,,leeg.pdf
1614108MG,,leeg.pdf
1614109MG,,leeg.pdf
1614110MG,,leeg.pdf
1614111MG,,leeg.pdf
1614112MG,,leeg.pdf
1614113MG,,leeg.pdf
1614114MG,,leeg.pdf
1614115MG,,leeg.pdf
1614116MG,,leeg.pdf
1614117MG,,leeg.pdf
1614118MG,,leeg.pdf
1614119MG,,leeg.pdf
1614120MG,,leeg.pdf
1614121MG,,leeg.pdf
1614122MG,,leeg.pdf
1614123MG,,leeg.pdf
1614124MG,,leeg.pdf
1614125MG,,leeg.pdf
1614126MG,,leeg.pdf
1614127MG,,leeg.pdf
1614128MG,,leeg.pdf
1614129MG,,leeg.pdf
1614130MG,,leeg.pdf
1614131MG,,leeg.pdf
1614132MG,,leeg.pdf
1614133MG,,leeg.pdf
1614134MG,,leeg.pdf
1614135MG,,leeg.pdf
1614136MG,,leeg.pdf
1614137MG,,leeg.pdf
1614138MG,,leeg.pdf
1614139MG,,leeg.pdf
1614140MG,,leeg.pdf
1614141MG,,leeg.pdf
1614142MG,,leeg.pdf
1614143MG,,leeg.pdf
1614144MG,,leeg.pdf
1614145MG,,leeg.pdf
1614146MG,,leeg.pdf
1614147MG,,leeg.pdf
1614148MG,,leeg.pdf
1614149MG,,leeg.pdf
1614150MG,,leeg.pdf
1614151MG,,leeg.pdf
1614152MG,,leeg.pdf
1614153MG,,leeg.pdf
1614154MG,,leeg.pdf
1614155MG,,leeg.pdf
1614156MG,,leeg.pdf
1614157MG,,leeg.pdf
1614158MG,,leeg.pdf
1614159MG,,leeg.pdf
1614160MG,,leeg.pdf
1614161MG,,leeg.pdf
1614162MG,,leeg.pdf
1614163MG,,leeg.pdf
1614164MG,,leeg.pdf
1614165MG,,leeg.pdf
1614166MG,,leeg.pdf
1614167MG,,leeg.pdf
1614168MG,,leeg.pdf
1614169MG,,leeg.pdf
1614170MG,,leeg.pdf
1614171MG,,leeg.pdf
1614172MG,,leeg.pdf
1614173MG,,leeg.pdf
1614174MG,,leeg.pdf
1614175MG,,leeg.pdf
1614176MG,,leeg.pdf
1614177MG,,leeg.pdf
1614178MG,,leeg.pdf
1614179MG,,leeg.pdf
1614180MG,,leeg.pdf
1614181MG,,leeg.pdf
1614182MG,,leeg.pdf
1614183MG,,leeg.pdf
1614184MG,,leeg.pdf
1614185MG,,leeg.pdf
1614186MG,,leeg.pdf
1614187MG,,leeg.pdf
1614188MG,,leeg.pdf
1614189MG,,leeg.pdf
1614190MG,,leeg.pdf
1614191MG,,leeg.pdf
1614192MG,,leeg.pdf
1614193MG,,leeg.pdf
1614194MG,,leeg.pdf
1614195MG,,leeg.pdf
1614196MG,,leeg.pdf
1614197MG,,leeg.pdf
1614198MG,,leeg.pdf
1614199MG,,leeg.pdf
1614200MG,,leeg.pdf
1614201MG,,leeg.pdf
1614202MG,,leeg.pdf
1614203MG,,leeg.pdf
1614204MG,,leeg.pdf
1614205MG,,leeg.pdf
1614206MG,,leeg.pdf
1614207MG,,leeg.pdf
1614208MG,,leeg.pdf
1614209MG,,leeg.pdf
1614210MG,,leeg.pdf
1614211MG,,leeg.pdf
1614212MG,,leeg.pdf
1614213MG,,leeg.pdf
1614214MG,,leeg.pdf
1614215MG,,leeg.pdf
1614216MG,,leeg.pdf
1614217MG,,leeg.pdf
1614218MG,,leeg.pdf
1614219MG,,leeg.pdf
1614220MG,,leeg.pdf
1614221MG,,leeg.pdf
1614222MG,,leeg.pdf
1614223MG,,leeg.pdf
1614224MG,,leeg.pdf
1614225MG,,leeg.pdf
1614226MG,,leeg.pdf
1614227MG,,leeg.pdf
1614228MG,,leeg.pdf
1614229MG,,leeg.pdf
1614230MG,,leeg.pdf
1614231MG,,leeg.pdf
1614232MG,,leeg.pdf
1614233MG,,leeg.pdf
1614234MG,,leeg.pdf
1614235MG,,leeg.pdf
1614236MG,,leeg.pdf
1614237MG,,leeg.pdf
1614238MG,,leeg.pdf
1614239MG,,leeg.pdf
1614240MG,,leeg.pdf
1614241MG,,leeg.pdf
1614242MG,,leeg.pdf
1614243MG,,leeg.pdf
1614244MG,,leeg.pdf
1614245MG,,leeg.pdf
1614246MG,,leeg.pdf
1614247MG,,leeg.pdf
1614248MG,,leeg.pdf
1614249MG,,leeg.pdf
1614250MG,,leeg.pdf
1614251MG,,leeg.pdf
1614252MG,,leeg.pdf
1614253MG,,leeg.pdf
1614254MG,,leeg.pdf
1614255MG,,leeg.pdf
1614256MG,,leeg.pdf
1614257MG,,leeg.pdf
1614258MG,,leeg.pdf
1614259MG,,leeg.pdf
1614260MG,,leeg.pdf
1614261MG,,leeg.pdf
1614262MG,,leeg.pdf
1614263MG,,leeg.pdf
1614264MG,,leeg.pdf
1614265MG,,leeg.pdf
1614266MG,,leeg.pdf
1614267MG,,leeg.pdf
1614268MG,,leeg.pdf
1614269MG,,leeg.pdf
1614270MG,,leeg.pdf
1614271MG,,leeg.pdf
1614272MG,,leeg.pdf
1614273MG,,leeg.pdf
1614274MG,,leeg.pdf
1614275MG,,leeg.pdf
1614276MG,,leeg.pdf
1614277MG,,leeg.pdf
1614278MG,,leeg.pdf
1614279MG,,leeg.pdf
1614280MG,,leeg.pdf
1614281MG,,leeg.pdf
1614282MG,,leeg.pdf
1614283MG,,leeg.pdf
1614284MG,,leeg.pdf
1614285MG,,leeg.pdf
1614286MG,,leeg.pdf
1614287MG,,leeg.pdf
1614288MG,,leeg.pdf
1614289MG,,leeg.pdf
1614290MG,,leeg.pdf
1614291MG,,leeg.pdf
1614292MG,,leeg.pdf
1614293MG,,leeg.pdf
1614294MG,,leeg.pdf
1614295MG,,leeg.pdf
1614296MG,,leeg.pdf
1614297MG,,leeg.pdf
1614298MG,,leeg.pdf
1614299MG,,leeg.pdf
1614300MG,,leeg.pdf
1614301MG,,leeg.pdf
1614302MG,,leeg.pdf
1614303MG,,leeg.pdf
1614304MG,,leeg.pdf
1614305MG,,leeg.pdf
1614306MG,,leeg.pdf
1614307MG,,leeg.pdf
1614308MG,,leeg.pdf
1614309MG,,leeg.pdf
1614310MG,,leeg.pdf
1614311MG,,leeg.pdf
1614312MG,,leeg.pdf
1614313MG,,leeg.pdf
1614314MG,,leeg.pdf
1614315MG,,leeg.pdf
1614316MG,,leeg.pdf
1614317MG,,leeg.pdf
1614318MG,,leeg.pdf
1614319MG,,leeg.pdf
1614320MG,,leeg.pdf
1614321MG,,leeg.pdf
1614322MG,,leeg.pdf
1614323MG,,leeg.pdf
1614324MG,,leeg.pdf
1614325MG,,leeg.pdf
1614326MG,,leeg.pdf
1614327MG,,leeg.pdf
1614328MG,,leeg.pdf
1614329MG,,leeg.pdf
1614330MG,,leeg.pdf
1614331MG,,leeg.pdf
1614332MG,,leeg.pdf
1614333MG,,leeg.pdf
1614334MG,,leeg.pdf
1614335MG,,leeg.pdf
1614336MG,,leeg.pdf
1614337MG,,leeg.pdf
1614338MG,,leeg.pdf
1614339MG,,leeg.pdf
1614340MG,,leeg.pdf
1614341MG,,leeg.pdf
1614342MG,,leeg.pdf
1614343MG,,leeg.pdf
1614344MG,,leeg.pdf
1614345MG,,leeg.pdf
1614346MG,,leeg.pdf
1614347MG,,leeg.pdf
1614348MG,,leeg.pdf
1614349MG,,leeg.pdf
1614350MG,,leeg.pdf
1614351MG,,leeg.pdf
1614352MG,,leeg.pdf
1614353MG,,leeg.pdf
1614354MG,,leeg.pdf
1614355MG,,leeg.pdf
1614356MG,,leeg.pdf
1614357MG,,leeg.pdf
1614358MG,,leeg.pdf
1614359MG,,leeg.pdf
1614360MG,,leeg.pdf
1614361MG,,leeg.pdf
1614362MG,,leeg.pdf
1614363MG,,leeg.pdf
1614364MG,,leeg.pdf
1614365MG,,leeg.pdf
1614366MG,,leeg.pdf
1614367MG,,leeg.pdf
1614368MG,,leeg.pdf
1614369MG,,leeg.pdf
1614370MG,,leeg.pdf
1614371MG,,leeg.pdf
1614372MG,,leeg.pdf
1614373MG,,leeg.pdf
1614374MG,,leeg.pdf
1614375MG,,leeg.pdf
1614376MG,,leeg.pdf
1614377MG,,leeg.pdf
1614378MG,,leeg.pdf
1614379MG,,leeg.pdf
1614380MG,,leeg.pdf
1614381MG,,leeg.pdf
1614382MG,,leeg.pdf
1614383MG,,leeg.pdf
1614384MG,,leeg.pdf
1614385MG,,leeg.pdf
1614386MG,,leeg.pdf
1614387MG,,leeg.pdf
1614388MG,,leeg.pdf
1614389MG,,leeg.pdf
1614390MG,,leeg.pdf
1614391MG,,leeg.pdf
1614392MG,,leeg.pdf
1614393MG,,leeg.pdf
1614394MG,,leeg.pdf
1614395MG,,leeg.pdf
1614396MG,,leeg.pdf
1614397MG,,leeg.pdf
1614398MG,,leeg.pdf
1614399MG,,leeg.pdf
1614400MG,,leeg.pdf
1614401MG,,leeg.pdf
1614402MG,,leeg.pdf
1614403MG,,leeg.pdf
1614404MG,,leeg.pdf
1614405MG,,leeg.pdf
1614406MG,,leeg.pdf
1614407MG,,leeg.pdf
1614408MG,,leeg.pdf
1614409MG,,leeg.pdf
1614410MG,,leeg.pdf
1614411MG,,leeg.pdf
1614412MG,,leeg.pdf
1614413MG,,leeg.pdf
1614414MG,,leeg.pdf
1614415MG,,leeg.pdf
1614416MG,,leeg.pdf
1614417MG,,leeg.pdf
1614418MG,,leeg.pdf
1614419MG,,leeg.pdf
1614420MG,,leeg.pdf
1614421MG,,leeg.pdf
1614422MG,,leeg.pdf
1614423MG,,leeg.pdf
1614424MG,,leeg.pdf
1614425MG,,leeg.pdf
1614426MG,,leeg.pdf
1614427MG,,leeg.pdf
1614428MG,,leeg.pdf
1614429MG,,leeg.pdf
1614430MG,,leeg.pdf
1614431MG,,leeg.pdf
1614432MG,,leeg.pdf
1614433MG,,leeg.pdf
1614434MG,,leeg.pdf
1614435MG,,leeg.pdf
1614436MG,,leeg.pdf
1614437MG,,leeg.pdf
1614438MG,,leeg.pdf
1614439MG,,leeg.pdf
1614440MG,,leeg.pdf
1614441MG,,leeg.pdf
1614442MG,,leeg.pdf
1614443MG,,leeg.pdf
1614444MG,,leeg.pdf
1614445MG,,leeg.pdf
1614446MG,,leeg.pdf
1614447MG,,leeg.pdf
1614448MG,,leeg.pdf
1614449MG,,leeg.pdf
1614450MG,,leeg.pdf
1614451MG,,leeg.pdf
1614452MG,,leeg.pdf
1614453MG,,leeg.pdf
1614454MG,,leeg.pdf
1614455MG,,leeg.pdf
1614456MG,,leeg.pdf
1614457MG,,leeg.pdf
1614458MG,,leeg.pdf
1614459MG,,leeg.pdf
1614460MG,,leeg.pdf
1614461MG,,leeg.pdf
1614462MG,,leeg.pdf
1614463MG,,leeg.pdf
1614464MG,,leeg.pdf
1614465MG,,leeg.pdf
1614466MG,,leeg.pdf
1614467MG,,leeg.pdf
1614468MG,,leeg.pdf
1614469MG,,leeg.pdf
1614470MG,,leeg.pdf
1614471MG,,leeg.pdf
1614472MG,,leeg.pdf
1614473MG,,leeg.pdf
1614474MG,,leeg.pdf
1614475MG,,leeg.pdf
1614476MG,,leeg.pdf
1614477MG,,leeg.pdf
1614478MG,,leeg.pdf
1614479MG,,leeg.pdf
1614480MG,,leeg.pdf
1614481MG,,leeg.pdf
1614482MG,,leeg.pdf
1614483MG,,leeg.pdf
1614484MG,,leeg.pdf
1614485MG,,leeg.pdf
1614486MG,,leeg.pdf
1614487MG,,leeg.pdf
1614488MG,,leeg.pdf
1614489MG,,leeg.pdf
1614490MG,,leeg.pdf
1614491MG,,leeg.pdf
1614492MG,,leeg.pdf
1614493MG,,leeg.pdf
1614494MG,,leeg.pdf
1614495MG,,leeg.pdf
1614496MG,,leeg.pdf
1614497MG,,leeg.pdf
1614498MG,,leeg.pdf
1614499MG,,leeg.pdf
1614500MG,,leeg.pdf
1614501MG,,leeg.pdf
1614502MG,,leeg.pdf
1614503MG,,leeg.pdf
1614504MG,,leeg.pdf
1614505MG,,leeg.pdf
1614506MG,,leeg.pdf
1614507MG,,leeg.pdf
1614508MG,,leeg.pdf
1614509MG,,leeg.pdf
1614510MG,,leeg.pdf
1614511MG,,leeg.pdf
1614512MG,,leeg.pdf
1614513MG,,leeg.pdf
1614514MG,,leeg.pdf
1614515MG,,leeg.pdf
1614516MG,,leeg.pdf
1614517MG,,leeg.pdf
1614518MG,,leeg.pdf
1614519MG,,leeg.pdf
1614520MG,,leeg.pdf
1614521MG,,leeg.pdf
1614522MG,,leeg.pdf
1614523MG,,leeg.pdf
1614524MG,,leeg.pdf
1614525MG,,leeg.pdf
1614526MG,,leeg.pdf
1614527MG,,leeg.pdf
1614528MG,,leeg.pdf
1614529MG,,leeg.pdf
1614530MG,,leeg.pdf
1614531MG,,leeg.pdf
1614532MG,,leeg.pdf
1614533MG,,leeg.pdf
1614534MG,,leeg.pdf
1614535MG,,leeg.pdf
1614536MG,,leeg.pdf
1614537MG,,leeg.pdf
1614538MG,,leeg.pdf
1614539MG,,leeg.pdf
1614540MG,,leeg.pdf
1614541MG,,leeg.pdf
1614542MG,,leeg.pdf
1614543MG,,leeg.pdf
1614544MG,,leeg.pdf
1614545MG,,leeg.pdf
1614546MG,,leeg.pdf
1614547MG,,leeg.pdf
1614548MG,,leeg.pdf
1614549MG,,leeg.pdf
1614550MG,,leeg.pdf
1614551MG,,leeg.pdf
1614552MG,,leeg.pdf
1614553MG,,leeg.pdf
1614554MG,,leeg.pdf
1614555MG,,leeg.pdf
1614556MG,,leeg.pdf
1614557MG,,leeg.pdf
1614558MG,,leeg.pdf
1614559MG,,leeg.pdf
1614560MG,,leeg.pdf
1614561MG,,leeg.pdf
1614562MG,,leeg.pdf
1614563MG,,leeg.pdf
1614564MG,,leeg.pdf
1614565MG,,leeg.pdf
1614566MG,,leeg.pdf
1614567MG,,leeg.pdf
1614568MG,,leeg.pdf
1614569MG,,leeg.pdf
1614570MG,,leeg.pdf
1614571MG,,leeg.pdf
1614572MG,,leeg.pdf
1614573MG,,leeg.pdf
1614574MG,,leeg.pdf
1614575MG,,leeg.pdf
1614576MG,,leeg.pdf
1614577MG,,leeg.pdf
1614578MG,,leeg.pdf
1614579MG,,leeg.pdf
1614580MG,,leeg.pdf
1614581MG,,leeg.pdf
1614582MG,,leeg.pdf
1614583MG,,leeg.pdf
1614584MG,,leeg.pdf
1614585MG,,leeg.pdf
1614586MG,,leeg.pdf
1614587MG,,leeg.pdf
1614588MG,,leeg.pdf
1614589MG,,leeg.pdf
1614590MG,,leeg.pdf
1614591MG,,leeg.pdf
1614592MG,,leeg.pdf
1614593MG,,leeg.pdf
1614594MG,,leeg.pdf
1614595MG,,leeg.pdf
1614596MG,,leeg.pdf
1614597MG,,leeg.pdf
1614598MG,,leeg.pdf
1614599MG,,leeg.pdf
1614600MG,,leeg.pdf
1614601MG,,leeg.pdf
1614602MG,,leeg.pdf
1614603MG,,leeg.pdf
1614604MG,,leeg.pdf
1614605MG,,leeg.pdf
1614606MG,,leeg.pdf
1614607MG,,leeg.pdf
1614608MG,,leeg.pdf
1614609MG,,leeg.pdf
1614610MG,,leeg.pdf
1614611MG,,leeg.pdf
1614612MG,,leeg.pdf
1614613MG,,leeg.pdf
1614614MG,,leeg.pdf
1614615MG,,leeg.pdf
1614616MG,,leeg.pdf
1614617MG,,leeg.pdf
1614618MG,,leeg.pdf
1614619MG,,leeg.pdf
1614620MG,,leeg.pdf
1614621MG,,leeg.pdf
1614622MG,,leeg.pdf
1614623MG,,leeg.pdf
1614624MG,,leeg.pdf
1614625MG,,leeg.pdf
1614626MG,,leeg.pdf
1614627MG,,leeg.pdf
1614628MG,,leeg.pdf
1614629MG,,leeg.pdf
1614630MG,,leeg.pdf
1614631MG,,leeg.pdf
1614632MG,,leeg.pdf
1614633MG,,leeg.pdf
1614634MG,,leeg.pdf
1614635MG,,leeg.pdf
1614636MG,,leeg.pdf
1614637MG,,leeg.pdf
1614638MG,,leeg.pdf
1614639MG,,leeg.pdf
1614640MG,,leeg.pdf
1614641MG,,leeg.pdf
1614642MG,,leeg.pdf
1614643MG,,leeg.pdf
1614644MG,,leeg.pdf
1614645MG,,leeg.pdf
1614646MG,,leeg.pdf
1614647MG,,leeg.pdf
1614648MG,,leeg.pdf
1614649MG,,leeg.pdf
1614650MG,,leeg.pdf
1614651MG,,leeg.pdf
1614652MG,,leeg.pdf
1614653MG,,leeg.pdf
1614654MG,,leeg.pdf
1614655MG,,leeg.pdf
1614656MG,,leeg.pdf
1614657MG,,leeg.pdf
1614658MG,,leeg.pdf
1614659MG,,leeg.pdf
1614660MG,,leeg.pdf
1614661MG,,leeg.pdf
1614662MG,,leeg.pdf
1614663MG,,leeg.pdf
1614664MG,,leeg.pdf
1614665MG,,leeg.pdf
1614666MG,,leeg.pdf
1614667MG,,leeg.pdf
1614668MG,,leeg.pdf
1614669MG,,leeg.pdf
1614670MG,,leeg.pdf
1614671MG,,leeg.pdf
1614672MG,,leeg.pdf
1614673MG,,leeg.pdf
1614674MG,,leeg.pdf
1614675MG,,leeg.pdf
1614676MG,,leeg.pdf
1614677MG,,leeg.pdf
1614678MG,,leeg.pdf
1614679MG,,leeg.pdf
1614680MG,,leeg.pdf
1614681MG,,leeg.pdf
1614682MG,,leeg.pdf
1614683MG,,leeg.pdf
1614684MG,,leeg.pdf
1614685MG,,leeg.pdf
1614686MG,,leeg.pdf
1614687MG,,leeg.pdf
1614688MG,,leeg.pdf
1614689MG,,leeg.pdf
1614690MG,,leeg.pdf
1614691MG,,leeg.pdf
1614692MG,,leeg.pdf
1614693MG,,leeg.pdf
1614694MG,,leeg.pdf
1614695MG,,leeg.pdf
1614696MG,,leeg.pdf
1614697MG,,leeg.pdf
1614698MG,,leeg.pdf
1614699MG,,leeg.pdf
1614700MG,,leeg.pdf
1614701MG,,leeg.pdf
1614702MG,,leeg.pdf
1614703MG,,leeg.pdf
1614704MG,,leeg.pdf
1614705MG,,leeg.pdf
1614706MG,,leeg.pdf
1614707MG,,leeg.pdf
1614708MG,,leeg.pdf
1614709MG,,leeg.pdf
1614710MG,,leeg.pdf
1614711MG,,leeg.pdf
1614712MG,,leeg.pdf
1614713MG,,leeg.pdf
1614714MG,,leeg.pdf
1614715MG,,leeg.pdf
1614716MG,,leeg.pdf
1614717MG,,leeg.pdf
1614718MG,,leeg.pdf
1614719MG,,leeg.pdf
1614720MG,,leeg.pdf
1614721MG,,leeg.pdf
1614722MG,,leeg.pdf
1614723MG,,leeg.pdf
1614724MG,,leeg.pdf
1614725MG,,leeg.pdf
1614726MG,,leeg.pdf
1614727MG,,leeg.pdf
1614728MG,,leeg.pdf
1614729MG,,leeg.pdf
1614730MG,,leeg.pdf
1614731MG,,leeg.pdf
1614732MG,,leeg.pdf
1614733MG,,leeg.pdf
1614734MG,,leeg.pdf
1614735MG,,leeg.pdf
1614736MG,,leeg.pdf
1614737MG,,leeg.pdf
1614738MG,,leeg.pdf
1614739MG,,leeg.pdf
1614740MG,,leeg.pdf
1614741MG,,leeg.pdf
1614742MG,,leeg.pdf
1614743MG,,leeg.pdf
1614744MG,,leeg.pdf
1614745MG,,leeg.pdf
1614746MG,,leeg.pdf
1614747MG,,leeg.pdf
1614748MG,,leeg.pdf
1614749MG,,leeg.pdf
1614750MG,,leeg.pdf
1614751MG,,leeg.pdf
1614752MG,,leeg.pdf
1614753MG,,leeg.pdf
1614754MG,,leeg.pdf
1614755MG,,leeg.pdf
1614756MG,,leeg.pdf
1614757MG,,leeg.pdf
1614758MG,,leeg.pdf
1614759MG,,leeg.pdf
1614760MG,,leeg.pdf
1614761MG,,leeg.pdf
1614762MG,,leeg.pdf
1614763MG,,leeg.pdf
1614764MG,,leeg.pdf
1614765MG,,leeg.pdf
1614766MG,,leeg.pdf
1614767MG,,leeg.pdf
1614768MG,,leeg.pdf
1614769MG,,leeg.pdf
1614770MG,,leeg.pdf
1614771MG,,leeg.pdf
1614772MG,,leeg.pdf
1614773MG,,leeg.pdf
1614774MG,,leeg.pdf
1614775MG,,leeg.pdf
1614776MG,,leeg.pdf
1614777MG,,leeg.pdf
1614778MG,,leeg.pdf
1614779MG,,leeg.pdf
1614780MG,,leeg.pdf
1614781MG,,leeg.pdf
1614782MG,,leeg.pdf
1614783MG,,leeg.pdf
1614784MG,,leeg.pdf
1614785MG,,leeg.pdf
1614786MG,,leeg.pdf
1614787MG,,leeg.pdf
1614788MG,,leeg.pdf
1614789MG,,leeg.pdf
1614790MG,,leeg.pdf
1614791MG,,leeg.pdf
1614792MG,,leeg.pdf
1614793MG,,leeg.pdf
1614794MG,,leeg.pdf
1614795MG,,leeg.pdf
1614796MG,,leeg.pdf
1614797MG,,leeg.pdf
1614798MG,,leeg.pdf
1614799MG,,leeg.pdf
1614800MG,,leeg.pdf
1614801MG,,leeg.pdf
1614802MG,,leeg.pdf
1614803MG,,leeg.pdf
1614804MG,,leeg.pdf
1614805MG,,leeg.pdf
1614806MG,,leeg.pdf
1614807MG,,leeg.pdf
1614808MG,,leeg.pdf
1614809MG,,leeg.pdf
1614810MG,,leeg.pdf
1614811MG,,leeg.pdf
1614812MG,,leeg.pdf
1614813MG,,leeg.pdf
1614814MG,,leeg.pdf
1614815MG,,leeg.pdf
1614816MG,,leeg.pdf
1614817MG,,leeg.pdf
1614818MG,,leeg.pdf
1614819MG,,leeg.pdf
1614820MG,,leeg.pdf
1614821MG,,leeg.pdf
1614822MG,,leeg.pdf
1614823MG,,leeg.pdf
1614824MG,,leeg.pdf
1614825MG,,leeg.pdf
1614826MG,,leeg.pdf
1614827MG,,leeg.pdf
1614828MG,,leeg.pdf
1614829MG,,leeg.pdf
1614830MG,,leeg.pdf
1614831MG,,leeg.pdf
1614832MG,,leeg.pdf
1614833MG,,leeg.pdf
1614834MG,,leeg.pdf
1614835MG,,leeg.pdf
1614836MG,,leeg.pdf
1614837MG,,leeg.pdf
1614838MG,,leeg.pdf
1614839MG,,leeg.pdf
1614840MG,,leeg.pdf
1614841MG,,leeg.pdf
1614842MG,,leeg.pdf
1614843MG,,leeg.pdf
1614844MG,,leeg.pdf
1614845MG,,leeg.pdf
1614846MG,,leeg.pdf
1614847MG,,leeg.pdf
1614848MG,,leeg.pdf
1614849MG,,leeg.pdf
1614850MG,,leeg.pdf
1614851MG,,leeg.pdf
1614852MG,,leeg.pdf
1614853MG,,leeg.pdf
1614854MG,,leeg.pdf
1614855MG,,leeg.pdf
1614856MG,,leeg.pdf
1614857MG,,leeg.pdf
1614858MG,,leeg.pdf
1614859MG,,leeg.pdf
1614860MG,,leeg.pdf
1614861MG,,leeg.pdf
1614862MG,,leeg.pdf
1614863MG,,leeg.pdf
1614864MG,,leeg.pdf
1614865MG,,leeg.pdf
1614866MG,,leeg.pdf
1614867MG,,leeg.pdf
1614868MG,,leeg.pdf
1614869MG,,leeg.pdf
1614870MG,,leeg.pdf
1614871MG,,leeg.pdf
1614872MG,,leeg.pdf
1614873MG,,leeg.pdf
1614874MG,,leeg.pdf
1614875MG,,leeg.pdf
1614876MG,,leeg.pdf
1614877MG,,leeg.pdf
1614878MG,,leeg.pdf
1614879MG,,leeg.pdf
1614880MG,,leeg.pdf
1614881MG,,leeg.pdf
1614882MG,,leeg.pdf
1614883MG,,leeg.pdf
1614884MG,,leeg.pdf
1614885MG,,leeg.pdf
1614886MG,,leeg.pdf
1614887MG,,leeg.pdf
1614888MG,,leeg.pdf
1614889MG,,leeg.pdf
1614890MG,,leeg.pdf
1614891MG,,leeg.pdf
1614892MG,,leeg.pdf
1614893MG,,leeg.pdf
1614894MG,,leeg.pdf
1614895MG,,leeg.pdf
1614896MG,,leeg.pdf
1614897MG,,leeg.pdf
1614898MG,,leeg.pdf
1614899MG,,leeg.pdf
1614900MG,,leeg.pdf
1614901MG,,leeg.pdf
1614902MG,,leeg.pdf
1614903MG,,leeg.pdf
1614904MG,,leeg.pdf
1614905MG,,leeg.pdf
1614906MG,,leeg.pdf
1614907MG,,leeg.pdf
1614908MG,,leeg.pdf
1614909MG,,leeg.pdf
1614910MG,,leeg.pdf
1614911MG,,leeg.pdf
1614912MG,,leeg.pdf
1614913MG,,leeg.pdf
1614914MG,,leeg.pdf
1614915MG,,leeg.pdf
1614916MG,,leeg.pdf
1614917MG,,leeg.pdf
1614918MG,,leeg.pdf
1614919MG,,leeg.pdf
1614920MG,,leeg.pdf
1614921MG,,leeg.pdf
1614922MG,,leeg.pdf
1614923MG,,leeg.pdf
1614924MG,,leeg.pdf
1614925MG,,leeg.pdf
1614926MG,,leeg.pdf
1614927MG,,leeg.pdf
1614928MG,,leeg.pdf
1614929MG,,leeg.pdf
1614930MG,,leeg.pdf
1614931MG,,leeg.pdf
1614932MG,,leeg.pdf
1614933MG,,leeg.pdf
1614934MG,,leeg.pdf
1614935MG,,leeg.pdf
1614936MG,,leeg.pdf
1614937MG,,leeg.pdf
1614938MG,,leeg.pdf
1614939MG,,leeg.pdf
1614940MG,,leeg.pdf
1614941MG,,leeg.pdf
1614942MG,,leeg.pdf
1614943MG,,leeg.pdf
1614944MG,,leeg.pdf
1614945MG,,leeg.pdf
1614946MG,,leeg.pdf
1614947MG,,leeg.pdf
1614948MG,,leeg.pdf
1614949MG,,leeg.pdf
1614950MG,,leeg.pdf
1614951MG,,leeg.pdf
1614952MG,,leeg.pdf
1614953MG,,leeg.pdf
1614954MG,,leeg.pdf
1614955MG,,leeg.pdf
1614956MG,,leeg.pdf
1614957MG,,leeg.pdf
1614958MG,,leeg.pdf
1614959MG,,leeg.pdf
1614960MG,,leeg.pdf
1614961MG,,leeg.pdf
1614962MG,,leeg.pdf
1614963MG,,leeg.pdf
1614964MG,,leeg.pdf
1614965MG,,leeg.pdf
1614966MG,,leeg.pdf
1614967MG,,leeg.pdf
1614968MG,,leeg.pdf
1614969MG,,leeg.pdf
1614970MG,,leeg.pdf
1614971MG,,leeg.pdf
1614972MG,,leeg.pdf
1614973MG,,leeg.pdf
1614974MG,,leeg.pdf
1614975MG,,leeg.pdf
1614976MG,,leeg.pdf
1614977MG,,leeg.pdf
1614978MG,,leeg.pdf
1614979MG,,leeg.pdf
1614980MG,,leeg.pdf
1614981MG,,leeg.pdf
1614982MG,,leeg.pdf
1614983MG,,leeg.pdf
1614984MG,,leeg.pdf
1614985MG,,leeg.pdf
1614986MG,,leeg.pdf
1614987MG,,leeg.pdf
1614988MG,,leeg.pdf
1614989MG,,leeg.pdf
1614990MG,,leeg.pdf
1614991MG,,leeg.pdf
1614992MG,,leeg.pdf
1614993MG,,leeg.pdf
1614994MG,,leeg.pdf
1614995MG,,leeg.pdf
1614996MG,,leeg.pdf
1614997MG,,leeg.pdf
1614998MG,,leeg.pdf
1614999MG,,leeg.pdf
1615000MG,,leeg.pdf
